rmse_m,rmse_q,mae_m,mae_q,n_points
0.29977086,137.40877,0.27931055,128.77904,5251
