rid,rmse_m,rmse_q,mae_m,mae_q
176,9.232308e-05,0.3107668,6.420668e-05,0.29385597
