rmse_m,rmse_q,mae_m,mae_q,n_points
0.045346748,16.971222,0.02554656,9.804392,5251
