rmse_m,rmse_q,mae_m,mae_q,n_points
0.030800717,2.917848,0.022112781,2.224188,5131
