index,rmse_mflow,mae_mflow,rmse_Q,mae_Q,train_size,num_test
121,0.07807183640998007,0.06283083816424621,32.490302196937,20.589522869975152,364,10
