index,rmse_mflow,mae_mflow,rmse_Q,mae_Q,train_size,num_test
176,0.06391564436738324,0.04792534473881834,31.344112756407913,26.300358241487693,364,10
