index,rmse_mflow,mae_mflow,rmse_Q,mae_Q,train_size,num_test
56,0.051772544118021006,0.043357334506998836,25.055410966227562,19.251808489264718,364,10
