index,rmse_mflow,mae_mflow,rmse_Q,mae_Q,train_size,num_test
300,0.06085943664763617,0.0525021231666429,28.00145492941113,17.73236053937649,364,10
